Actual,Predicted
51.0,54.51768732820977
20.0,22.465174014126365
46.0,47.6432451650067
28.0,31.014308987971557
41.0,42.82787196780911
59.0,58.807273679351994
48.0,45.76308441058354
87.0,86.09232461887099
37.0,37.37185608402848
73.0,71.72812883709932
