Actual,Predicted
51.0,54.71185391749008
20.0,22.61551294338949
46.0,47.903144711258896
28.0,31.289767480301542
41.0,43.00457042380541
59.0,59.0712517147304
48.0,45.90347515965413
87.0,86.4591179101808
37.0,37.70014036670478
73.0,72.05592481361833
