Model,MSE,R2 Score
Linear,4.082628398521853,0.9889832909573145
DT,8.812694444444444,0.9762195132401258
RF,5.158838006796808,0.9860792088401176
SVM,5.386855029604295,0.9854639196313424
KNN,5.94034,0.9839703761874775
ANN,4.123161035900195,0.9888739162532901
