Actual,Predicted
51.0,56.19
20.0,21.95
46.0,46.3
28.0,29.181047619047618
41.0,42.80833333333333
59.0,59.4325
48.0,47.008
87.0,86.13233333333334
37.0,36.71
73.0,72.18
