Actual,Predicted
51.0,54.82284358524652
20.0,24.263053813798653
46.0,46.578362339950345
28.0,31.18321247842026
41.0,42.41964159499619
59.0,58.454746247448846
48.0,45.23555547688045
87.0,84.89759466856376
37.0,37.140106180009326
73.0,71.74502208400183
